,Day,Price_1,Price_2,Price_3,Price_4,Price_5,Revenue,Promotion_1,Promotion_2,Promotion_3,Promotion_4,Promotion_5,Sales_1,Sales_2,Sales_3,Sales_4,Sales_5
0,1,1.59,1.87,2.01,2.09,2.66,69.99,0,1,0,0,0,0,4,0,21,7
1,2,1.59,1.87,2.01,2.09,2.66,0.0,0,0,0,0,0,0,0,0,0,0
2,3,1.59,1.87,2.01,2.09,2.66,54.91,0,1,0,0,0,0,0,0,11,12
3,4,1.59,1.87,2.01,2.09,2.66,76.00999999999999,0,1,0,0,0,0,6,0,31,0
4,5,1.59,1.87,1.97,2.09,2.66,55.00999999999999,0,0,0,0,0,0,3,0,16,6
5,6,1.59,1.87,2.01,2.09,2.66,140.82,0,0,0,0,0,0,0,21,37,8
6,7,1.59,1.88,2.01,2.09,2.66,23.94,0,0,0,0,0,0,0,0,0,9
7,8,1.51,1.89,1.95,2.09,2.66,68.33000000000001,0,0,0,0,0,0,7,0,6,16
8,9,1.51,1.89,1.99,2.09,2.66,77.72,0,0,0,0,0,0,0,17,21,0
9,10,1.51,1.89,1.99,2.09,2.66,55.519999999999996,0,0,0,0,0,0,15,0,13,0
10,11,1.51,1.89,1.99,2.09,2.66,192.79000000000005,0,0,0,0,0,0,0,31,36,21
11,12,1.51,1.89,1.99,2.09,2.66,14.96,0,0,0,0,0,2,3,0,3,0
12,13,1.51,1.89,1.99,2.09,2.66,43.89,0,0,0,0,0,0,0,0,21,0
13,14,1.51,1.89,1.99,2.09,2.66,13.3,0,0,0,0,0,0,0,0,0,5
14,15,1.52,1.89,1.98,2.09,2.66,59.56999999999999,0,0,0,0,0,0,9,0,0,16
15,16,1.52,1.89,1.98,2.09,2.66,110.22,0,0,0,0,0,0,10,30,0,12
16,17,1.52,1.89,1.98,2.09,2.66,29.07,0,0,0,0,0,0,0,0,5,7
17,18,1.52,1.89,1.99,2.09,2.66,62.69999999999999,0,0,0,0,0,0,0,0,30,0
18,19,1.52,1.89,1.99,2.09,2.66,13.65,0,0,0,0,0,0,3,0,0,3
19,20,1.52,1.89,1.99,2.09,2.66,48.45,0,0,0,0,0,0,0,0,13,8
20,21,1.52,1.9,1.99,2.09,2.66,24.7,0,0,0,0,0,0,0,0,8,3
21,22,1.5,1.9,1.99,2.09,2.66,111.71999999999998,0,0,0,0,0,0,0,0,14,31
22,23,1.5,1.9,1.99,2.09,2.66,120.58999999999999,0,0,0,0,0,0,0,12,17,23
23,24,1.5,1.9,1.99,2.09,2.66,36.339999999999996,0,0,0,0,0,0,0,9,5,3
24,25,1.5,1.9,1.99,2.09,2.66,113.99999999999999,0,0,0,0,0,0,0,0,24,24
25,26,1.5,1.9,1.99,2.09,2.67,108.67999999999998,0,0,0,0,0,0,0,0,52,0
26,27,1.5,1.9,1.99,2.09,2.67,142.92,0,0,0,0,0,0,33,0,9,23
27,28,1.5,1.9,1.99,2.09,2.67,100.26,0,0,0,0,0,6,33,0,6,6
28,29,1.5,1.9,1.99,2.09,2.67,66.92999999999999,0,0,0,0,0,1,18,0,6,7
29,30,1.5,1.9,1.99,2.09,2.67,152.27,0,0,0,0,0,0,29,0,12,27
30,31,1.5,1.9,1.99,2.09,2.67,74.88000000000001,0,0,0,0,0,4,9,0,12,10
31,32,1.5,1.9,1.99,2.09,2.67,10.68,0,0,0,0,0,0,0,0,0,4
32,33,1.5,1.9,1.99,2.09,2.67,87.49999999999999,0,0,0,0,0,6,3,0,31,3
33,34,1.5,1.9,1.99,2.09,2.67,59.76999999999999,0,0,0,0,0,0,5,0,10,11
34,35,1.5,1.9,1.99,2.09,2.67,29.259999999999998,0,0,0,0,0,0,0,0,14,0
35,36,1.5,1.9,1.99,2.09,2.67,16.369999999999997,0,0,0,0,0,0,0,0,4,3
36,37,1.5,1.9,1.99,2.09,2.67,41.68000000000002,0,0,0,0,0,0,0,0,11,7
37,38,1.5,1.9,1.99,2.09,2.67,11.94,0,0,0,0,0,0,0,6,0,0
38,39,1.5,1.9,1.99,2.09,2.67,41.13,0,1,0,0,0,0,9,0,0,9
39,40,1.5,1.9,1.99,2.09,2.67,33.9,0,1,0,0,0,0,0,0,6,8
40,41,1.35,1.58,1.97,2.09,2.67,130.51999999999998,1,1,1,0,0,0,43,0,21,7
41,42,1.35,1.58,1.97,2.09,2.67,31.4,1,1,0,0,0,0,4,0,12,0
42,43,1.35,1.58,1.97,2.09,2.67,152.54000000000002,1,1,1,0,0,0,26,0,38,12
43,44,1.35,1.58,1.97,2.09,2.67,187.59,1,1,1,0,0,0,26,35,32,4
44,45,1.35,1.58,1.97,2.09,2.67,26.860000000000003,1,0,1,0,0,0,17,0,0,0
45,46,1.35,1.58,1.97,2.09,2.59,46.7,0,0,1,0,0,0,23,0,0,4
46,47,1.35,1.58,1.97,2.09,2.59,71.59,1,0,1,0,0,0,24,0,0,13
47,48,1.35,1.87,1.93,2.09,2.59,80.67000000000002,1,1,0,0,0,0,9,0,7,19
48,49,1.35,1.87,1.93,2.09,2.59,108.77,1,0,1,0,0,0,0,25,24,4
49,50,1.35,1.87,1.93,2.09,2.34,67.16,1,0,1,0,0,0,4,0,14,13
50,51,1.35,1.87,1.93,2.09,2.59,167.84000000000012,1,1,1,0,0,8,11,22,14,25
51,52,1.35,1.87,1.97,2.09,2.34,77.67,1,0,0,0,0,8,27,0,0,7
52,53,1.35,1.87,1.97,2.09,2.59,63.16999999999999,1,0,1,0,0,8,10,0,0,13
53,54,1.35,1.87,1.93,2.09,2.67,34.38,1,0,1,0,0,0,6,12,0,0
54,55,1.39,1.9,1.91,2.12,2.62,107.82,1,0,1,0,0,0,10,0,11,25
55,56,1.39,1.9,1.91,2.12,2.62,49.830000000000005,1,0,1,0,1,0,0,11,0,11
56,57,1.39,1.9,1.91,2.12,2.62,82.86000000000001,1,0,0,0,0,0,5,0,0,28
57,58,1.39,1.9,1.91,2.12,2.62,186.7400000000001,1,0,0,0,1,0,5,22,23,33
58,59,1.39,1.9,1.91,2.12,2.62,67.48,1,0,0,0,0,0,30,0,0,4
59,60,1.39,1.9,1.87,2.12,2.62,110.50000000000003,1,0,0,0,0,6,0,4,15,24
60,61,1.39,1.89,1.87,2.12,2.62,36.68000000000001,1,0,0,0,0,0,0,0,0,14
61,62,1.39,1.89,1.91,2.12,2.62,208.4900000000001,1,0,0,0,0,0,3,0,45,41
62,63,1.39,1.89,1.91,2.12,2.67,64.5,0,0,0,0,0,0,20,0,0,10
63,64,1.39,1.89,1.91,2.12,2.67,46.5,0,0,0,0,0,0,2,0,0,16
64,65,1.39,1.89,1.91,2.12,2.67,91.56,0,0,0,0,0,4,17,0,4,17
65,66,1.39,1.89,1.91,2.12,2.67,126.34,0,0,0,0,0,2,32,4,6,16
66,67,1.39,1.89,1.91,2.12,2.67,65.29,0,0,0,0,0,0,21,0,2,8
67,68,1.39,1.89,1.91,2.12,2.67,140.16000000000003,0,0,0,0,0,6,21,10,8,21
68,69,1.39,1.89,1.91,2.12,2.67,71.21000000000001,0,0,0,0,0,0,22,1,3,8
69,70,1.39,1.89,1.91,2.12,2.67,177.4800000000001,1,0,0,0,0,0,4,0,60,16
70,71,1.39,1.89,1.91,2.12,2.67,111.11000000000003,1,1,0,0,0,20,0,0,33,5
71,72,1.39,1.89,1.91,2.12,2.54,15.83,0,1,0,0,0,0,3,0,0,4
72,73,1.39,1.89,1.95,2.12,2.54,50.089999999999996,1,0,0,0,0,0,5,0,0,16
73,74,1.35,1.83,1.95,2.12,2.55,126.63999999999996,1,1,0,0,0,0,11,10,23,15
74,75,1.35,1.83,1.95,2.12,2.55,133.29000000000002,1,1,0,0,0,20,13,24,0,14
75,76,1.36,1.83,1.95,2.12,2.49,175.8,1,1,0,0,0,0,43,0,0,39
76,77,1.36,1.85,1.95,2.12,2.5,44.84,0,1,0,0,0,0,0,0,7,12
77,78,1.47,1.85,1.95,2.12,2.5,163.20000000000002,0,0,0,0,1,0,20,0,10,42
78,79,1.47,1.85,1.95,2.12,2.5,73.92000000000002,0,0,0,0,1,0,0,0,16,16
79,80,1.47,1.85,1.95,2.12,2.5,36.1,0,0,0,0,1,0,6,0,0,10
80,81,1.47,1.9,1.99,2.12,2.49,169.52,0,0,0,0,1,0,17,0,6,50
81,82,1.47,1.9,1.99,2.12,2.49,46.65,0,0,0,0,1,0,5,0,14,3
82,83,1.47,1.9,1.99,2.12,2.49,190.09000000000003,0,0,0,0,1,0,7,0,0,71
83,84,1.47,1.9,1.95,2.12,2.44,328.47999999999996,0,0,0,0,1,0,0,0,41,99
84,85,1.47,1.9,1.95,2.12,2.44,108.4,0,1,0,0,0,28,12,0,6,13
85,86,1.39,1.9,1.95,2.12,2.49,56.099999999999994,0,0,0,0,0,15,12,0,0,5
86,87,1.39,1.9,1.95,1.98,2.43,120.0,0,0,0,0,0,0,0,23,22,13
87,88,1.39,1.58,1.99,2.12,2.4,93.41999999999999,0,1,0,0,0,0,29,0,10,11
88,89,1.39,1.58,1.99,2.12,2.55,159.38,0,1,0,0,0,0,61,15,0,13
89,90,1.39,1.58,1.99,2.12,2.55,44.03,0,1,0,0,0,4,5,0,6,7
90,91,1.39,1.58,1.99,2.12,2.4,180.55,0,1,0,0,0,27,17,0,48,6
91,92,1.39,1.46,1.99,2.12,2.4,56.02,0,0,0,0,0,0,17,0,0,13
92,93,1.39,1.58,1.99,2.12,2.34,140.70000000000005,0,0,0,0,0,10,61,0,0,13
93,94,1.39,1.58,1.99,2.11,2.61,82.13999999999999,0,0,0,0,0,0,16,0,22,4
94,95,1.47,1.9,1.95,2.12,2.67,157.27,0,0,0,0,0,0,4,0,24,37
95,96,1.47,1.9,1.95,2.12,2.67,21.36,0,0,0,0,0,0,0,0,0,8
96,97,1.47,1.9,1.95,2.12,2.67,159.53,0,0,0,0,0,0,27,16,25,9
97,98,1.47,1.9,1.95,2.12,2.67,132.2,0,0,0,0,0,0,3,0,37,18
98,99,1.47,1.9,1.95,2.12,2.67,143.20000000000002,0,0,0,1,0,8,15,0,41,6
99,100,1.47,1.9,1.95,2.12,2.67,73.16,0,0,0,1,0,0,24,0,13,0
100,101,1.47,1.9,1.95,2.12,2.67,132.08,0,0,0,1,0,5,19,2,11,23
101,102,1.47,1.9,1.95,2.12,2.67,159.82000000000002,0,0,0,1,0,6,31,1,6,29
102,103,1.47,1.9,1.95,2.12,2.67,95.33999999999999,0,0,0,1,0,7,9,10,9,11
103,104,1.47,1.9,1.95,2.12,2.67,105.46999999999998,0,0,0,1,0,7,31,0,2,12
104,105,1.47,1.9,1.95,2.12,2.67,97.16,0,0,0,1,0,0,10,4,8,20
105,106,1.47,1.9,1.95,2.16,2.67,115.62000000000003,0,0,0,1,0,0,27,0,10,16
106,107,1.47,1.9,1.99,1.97,2.67,132.12,0,0,0,1,0,0,23,0,11,25
107,108,1.47,1.9,1.99,1.97,2.67,177.21,0,0,0,1,0,0,18,13,31,21
108,109,1.47,1.9,1.99,1.97,2.67,224.63999999999993,0,0,0,1,0,25,19,23,24,22
109,110,1.47,1.9,1.99,1.97,2.67,248.15999999999994,0,0,0,1,0,8,33,0,57,23
110,111,1.47,1.9,1.99,1.97,2.67,149.09999999999997,1,1,0,0,0,0,37,0,40,0
111,112,1.47,1.9,1.99,1.97,2.67,20.18,0,1,0,0,0,0,5,0,0,4
112,113,1.47,1.86,1.99,1.96,2.67,85.96000000000001,0,1,0,0,0,25,3,0,10,9
113,114,1.43,1.35,1.99,2.16,2.67,163.92,1,1,0,0,0,0,70,0,0,26
114,115,1.43,1.35,1.99,2.16,2.67,187.38000000000002,1,1,0,0,0,0,102,0,23,0
115,116,1.43,1.35,1.99,2.16,2.67,228.58000000000004,1,1,0,0,0,17,44,0,51,13
116,117,1.43,1.35,1.95,2.16,2.67,238.45999999999995,1,1,0,0,0,4,142,0,19,0
117,118,1.43,1.31,1.99,2.16,2.67,243.83000000000004,0,1,0,0,0,24,67,0,44,10
118,119,1.37,1.31,1.99,2.16,2.67,64.15,1,0,0,0,0,0,2,0,5,19
119,120,1.37,1.31,1.99,2.16,2.67,74.80999999999999,1,0,0,0,0,0,28,0,9,7
120,121,1.39,1.84,1.95,2.16,2.62,63.970000000000006,1,1,0,0,0,0,4,25,0,3
121,122,1.39,1.84,1.95,2.16,2.62,131.65,1,1,0,0,0,9,8,0,35,11
122,123,1.39,1.84,1.95,2.16,2.62,308.11999999999995,1,1,0,0,0,68,15,0,57,24
123,124,1.39,1.84,1.97,2.16,2.67,126.67000000000002,1,1,0,0,0,0,0,11,14,28
124,125,1.39,1.84,1.93,2.16,2.67,236.78000000000003,1,0,0,0,0,6,14,0,79,12
125,126,1.23,1.84,1.93,2.16,2.67,89.16000000000001,1,0,0,0,0,23,6,0,7,13
126,127,1.23,1.84,1.93,2.16,2.67,88.94000000000003,1,0,0,0,0,8,5,0,20,10
127,128,1.19,1.89,1.99,2.16,2.67,69.75,1,0,0,0,0,9,27,0,0,3
128,129,1.19,1.89,1.99,2.16,2.67,243.7499999999999,1,0,0,0,0,125,6,5,23,9
129,130,1.19,1.89,1.99,2.16,2.67,296.5799999999999,1,0,0,0,0,45,13,0,69,26
130,131,1.19,1.89,1.99,2.16,2.67,237.10999999999987,1,0,0,0,0,52,23,0,61,0
131,132,1.19,1.89,1.99,2.16,2.67,89.48999999999998,1,0,0,0,0,0,7,3,14,15
132,133,1.19,1.89,1.99,2.16,2.67,69.79,1,0,0,0,0,3,20,4,7,2
133,134,1.19,1.89,1.99,2.16,2.67,38.910000000000004,1,0,0,0,0,0,7,0,2,8
134,135,1.19,1.89,1.99,2.16,2.67,118.31000000000002,1,0,0,0,0,5,21,1,8,20
135,136,1.19,1.89,1.99,2.16,2.67,158.50999999999996,1,0,0,0,0,2,26,1,14,28
136,137,1.19,1.89,1.99,2.16,2.67,131.39,1,1,0,0,0,85,0,0,14,0
137,138,1.19,1.89,1.99,2.16,2.67,18.689999999999998,1,1,0,0,0,0,0,0,0,7
138,139,1.17,1.9,1.99,2.16,2.67,112.08000000000003,1,0,0,0,0,54,6,0,5,10
139,140,1.21,1.35,1.99,2.16,2.68,95.70999999999998,1,1,0,0,0,0,57,0,0,7
140,141,1.21,1.35,1.99,2.16,2.68,262.21,1,1,0,0,0,8,69,18,51,5
141,142,1.21,1.35,1.99,2.16,2.68,147.98999999999998,1,1,0,0,0,10,23,0,20,23
142,143,1.21,1.35,1.99,2.16,2.67,196.89,1,1,0,0,0,0,66,0,19,25
143,144,1.21,1.35,1.99,2.16,2.67,170.37,1,0,0,0,0,0,27,0,62,0
144,145,1.36,1.35,1.99,2.16,2.64,122.52,0,0,0,0,0,0,52,0,12,10
145,146,1.36,1.35,1.99,2.16,2.64,203.9999999999999,1,0,0,0,0,32,62,10,8,15
146,147,1.39,1.9,1.99,2.16,2.64,16.259999999999998,1,0,0,0,0,0,3,0,0,4
147,148,1.39,1.9,1.99,2.16,2.64,111.41,1,0,0,0,0,0,0,11,6,29
148,149,1.39,1.9,1.99,2.16,2.64,145.92000000000002,1,0,0,0,0,8,0,16,33,12
149,150,1.39,1.9,1.99,2.16,2.64,78.04000000000002,1,0,0,0,0,4,0,0,25,7
150,151,1.39,1.9,1.99,2.16,2.64,103.1,1,0,0,0,0,0,5,0,25,15
151,152,1.39,1.9,1.94,2.16,2.51,47.69,1,0,0,0,0,0,0,0,0,19
152,153,1.39,1.9,1.94,2.16,2.64,101.02000000000001,1,0,0,0,0,10,0,0,0,33
153,154,1.39,1.9,1.94,2.16,2.62,119.28,1,0,0,0,0,0,42,0,11,6
154,155,1.39,1.9,1.94,2.16,2.62,442.13000000000005,1,0,0,0,0,21,149,9,12,33
155,156,1.39,1.9,1.94,2.16,2.62,114.91000000000003,1,0,0,0,0,3,28,4,0,19
156,157,1.39,1.9,1.94,2.16,2.62,133.29999999999998,1,0,0,0,0,10,19,16,6,15
157,158,1.39,1.9,1.94,2.16,2.62,147.22,1,0,0,0,0,16,37,3,2,17
158,159,1.39,1.9,1.94,2.16,2.62,69.10999999999999,1,0,0,0,0,3,12,4,5,9
159,160,1.39,1.9,1.94,2.16,2.62,123.19000000000003,1,0,0,0,0,3,18,7,16,14
160,161,1.39,1.9,1.94,2.16,2.62,412.34000000000003,1,0,0,0,0,0,143,0,36,24
161,162,1.39,1.9,1.94,2.16,2.49,464.7700000000002,1,0,0,0,0,0,130,0,72,25
162,163,1.39,1.9,1.94,2.16,2.61,184.21999999999997,1,0,0,0,0,0,35,0,40,12
163,164,1.39,1.9,1.94,2.16,2.61,123.49999999999999,1,0,0,0,0,0,65,0,0,0
164,165,1.39,1.9,1.94,2.16,2.61,223.58999999999992,1,0,0,0,0,0,48,9,23,25
165,166,1.39,1.9,1.94,2.16,2.63,26.739999999999995,1,0,0,0,0,0,3,0,0,8
166,167,1.39,1.9,1.94,2.16,2.63,96.07000000000001,1,0,0,0,0,14,0,30,0,7
167,168,1.39,1.9,1.94,2.16,2.63,209.32000000000002,1,0,0,0,0,0,21,0,76,2
168,169,1.39,1.9,1.94,2.16,2.63,103.96000000000001,1,0,0,0,0,0,4,0,30,12
169,170,1.39,1.9,1.94,2.16,2.63,0.0,0,1,0,0,0,0,0,0,0,0
170,171,1.39,1.9,1.99,2.16,2.49,149.12,0,1,0,0,0,41,0,0,0,37
171,172,1.39,1.9,1.99,2.16,2.49,30.240000000000002,0,1,0,0,0,0,0,0,14,0
172,173,1.49,1.5,1.97,2.16,2.49,81.96000000000001,0,1,0,0,0,0,48,0,0,4
173,174,1.49,1.5,1.97,2.16,2.54,222.92999999999998,0,1,0,0,0,13,39,0,26,35
174,175,1.48,1.5,1.97,2.16,2.49,153.25,0,1,0,0,0,7,45,0,13,19
175,176,1.48,1.5,1.99,2.16,2.49,126.89000000000001,0,1,0,0,0,0,67,2,0,9
176,177,1.48,1.5,1.99,2.16,2.49,73.89999999999999,0,0,0,1,0,0,0,10,25,0
177,178,1.48,1.5,1.99,2.16,2.49,219.86999999999998,0,0,0,1,1,24,15,0,0,65
178,179,1.48,1.5,1.99,2.16,2.51,90.64,0,0,0,1,1,0,37,0,0,14
179,180,1.46,1.88,1.97,1.89,2.45,94.49,1,0,0,1,1,0,8,0,20,17
180,181,1.46,1.88,1.97,1.89,2.45,112.0,1,0,0,1,1,0,0,0,10,38
181,182,1.46,1.88,1.97,1.89,2.45,214.44999999999996,1,0,0,1,1,0,0,11,67,27
182,183,1.46,1.88,1.97,1.89,2.37,352.7899999999999,1,0,0,1,1,12,23,32,71,40
183,184,1.46,1.88,1.97,1.76,2.45,208.41000000000005,0,0,0,0,0,8,0,0,38,53
184,185,1.32,1.88,1.97,1.89,2.49,58.82000000000001,0,0,0,0,0,19,10,0,0,6
185,186,1.32,1.88,1.97,1.89,2.45,176.41999999999996,0,0,0,0,0,12,0,0,37,37
186,187,1.35,1.88,1.97,2.16,2.36,56.62,0,0,0,0,0,14,5,0,0,12
187,188,1.35,1.88,1.97,2.16,2.36,84.66999999999999,0,0,0,0,0,14,0,25,0,7
188,189,1.35,1.88,1.97,2.16,2.11,175.28,0,0,0,0,0,0,5,0,26,52
189,190,1.35,1.88,1.99,2.16,2.44,171.21000000000004,0,0,0,0,0,19,0,32,30,7
190,191,1.35,1.88,1.99,2.16,2.43,62.10000000000001,0,1,0,0,0,5,0,0,20,5
191,192,1.35,1.88,1.99,2.16,2.19,104.77,0,1,0,0,0,53,11,3,0,3
192,193,1.35,1.88,1.99,2.16,2.67,74.61000000000001,0,1,0,0,0,8,0,0,11,15
193,194,1.35,1.56,1.99,2.16,2.49,121.25999999999998,0,1,0,0,0,0,36,0,14,14
194,195,1.35,1.56,1.99,2.16,2.66,76.71000000000001,0,1,0,0,0,7,38,0,0,3
195,196,1.35,1.57,1.95,2.16,2.66,162.05999999999997,0,1,0,0,0,8,36,0,18,21
196,197,1.35,1.57,1.99,2.16,2.66,144.08999999999995,0,1,0,0,0,0,56,3,6,14
197,198,1.35,1.56,1.99,2.16,2.66,8.100000000000001,0,0,0,0,0,6,0,0,0,0
198,199,1.49,1.57,1.99,2.16,2.66,185.32999999999998,0,0,0,0,0,0,29,0,13,42
199,200,1.49,1.57,1.99,2.16,2.66,141.85,0,0,0,0,0,0,62,9,0,10
200,201,1.49,1.78,1.97,2.16,2.66,47.10000000000001,0,0,0,0,0,0,16,0,0,7
201,202,1.49,1.9,1.97,2.16,2.66,78.82000000000001,0,0,0,0,0,0,10,0,24,3
202,203,1.49,1.9,1.97,2.16,2.66,28.88,0,0,0,0,0,0,11,0,0,3
203,204,1.49,1.9,1.97,2.16,2.34,36.720000000000006,0,0,0,0,0,0,0,0,17,0
204,205,1.49,1.9,1.97,2.16,2.34,0.0,0,0,0,0,0,0,0,0,0,0
205,206,1.49,1.9,1.97,2.16,2.66,88.53999999999999,0,0,0,1,0,0,34,0,0,9
206,207,1.49,1.9,1.97,2.16,2.66,141.0,0,0,0,1,0,0,38,0,22,8
207,208,1.49,1.78,1.99,1.97,2.66,100.87999999999997,0,0,0,1,0,7,3,0,27,12
208,209,1.49,1.9,1.99,1.97,2.66,143.32999999999998,0,0,0,1,0,0,0,0,39,25
209,210,1.49,1.9,1.99,1.97,2.66,131.79999999999998,0,0,0,1,0,0,0,15,45,5
210,211,1.49,1.78,1.99,1.97,2.67,176.96999999999997,0,0,0,1,0,0,0,0,18,53
211,212,1.49,1.78,1.99,1.97,2.67,97.61999999999998,0,0,0,0,0,0,9,0,36,4
212,213,1.35,1.78,1.99,1.97,2.67,102.79000000000002,0,0,0,0,0,13,8,0,13,17
213,214,1.35,1.78,1.99,1.97,2.67,115.86000000000001,0,0,0,0,0,70,0,0,0,8
214,215,1.34,1.89,1.99,2.13,2.67,87.05,0,0,0,0,0,16,0,0,12,15
215,216,1.34,1.89,1.99,2.13,2.67,82.77000000000001,0,0,0,0,0,0,0,0,0,31
216,217,1.34,1.89,1.99,2.13,2.67,73.56,0,0,0,0,0,0,0,0,22,10
217,218,1.34,1.89,1.99,2.13,2.36,48.629999999999995,0,0,0,0,0,0,7,0,0,15
218,219,1.34,1.89,1.99,2.13,2.67,78.33,1,1,0,1,0,0,0,0,28,7
219,220,1.34,1.89,1.99,2.13,2.67,160.08999999999997,0,1,0,1,0,5,0,0,67,4
220,221,1.29,1.89,1.95,2.13,2.67,50.760000000000005,1,1,0,1,0,9,8,0,0,9
221,222,1.27,1.52,1.95,1.97,2.67,93.59000000000002,1,1,0,1,0,11,9,8,12,10
222,223,1.27,1.52,1.95,1.97,2.67,223.61,1,1,0,1,0,11,68,0,16,28
223,224,1.27,1.52,1.95,1.97,2.67,229.46999999999994,0,1,0,1,0,0,79,0,23,24
224,225,1.27,1.52,1.95,1.97,2.67,335.26000000000016,1,1,0,1,0,0,142,0,43,13
225,226,1.27,1.52,1.95,1.97,2.67,91.23,1,1,0,1,0,0,21,0,3,20
226,227,1.27,1.52,1.95,1.97,2.67,143.68999999999997,1,1,0,1,0,0,11,1,35,21
227,228,1.27,1.52,1.95,1.97,2.67,84.46,1,1,0,1,0,8,21,4,4,10
228,229,1.27,1.52,1.95,1.97,2.67,100.82,1,1,0,1,0,1,15,8,8,17
229,230,1.27,1.52,1.95,1.97,2.67,73.35,1,1,0,1,0,0,9,4,6,15
230,231,1.27,1.52,1.95,1.97,2.67,50.739999999999995,1,0,0,0,0,6,18,0,8,0
231,232,1.41,1.52,1.95,1.97,2.67,200.43,1,0,0,0,0,0,34,46,11,14
232,233,1.41,1.52,1.91,1.99,2.67,117.22,1,0,0,0,0,0,38,3,27,0
233,234,1.41,1.89,1.93,2.16,2.67,75.39,1,0,0,0,0,12,0,0,11,13
234,235,1.41,1.89,1.93,2.16,2.67,183.91000000000005,1,0,0,0,0,0,4,40,15,25
235,236,1.41,1.89,1.93,2.16,2.67,148.95000000000002,1,0,0,0,0,0,11,0,0,48
236,237,1.46,1.89,1.93,2.16,2.67,35.64,1,0,0,0,0,0,4,0,13,0
237,238,1.46,1.89,1.89,2.16,2.67,64.80000000000001,0,0,0,0,0,0,0,0,30,0
238,239,1.46,1.89,1.89,2.16,2.67,181.63000000000002,0,0,0,0,0,11,17,2,18,34
239,240,1.46,1.89,1.89,2.16,2.67,127.93,0,0,0,0,0,8,29,4,20,4
240,241,1.46,1.89,1.89,2.16,2.67,106.88999999999999,0,0,0,0,0,18,1,5,16,13
241,242,1.46,1.89,1.89,2.16,2.67,87.45000000000002,0,0,0,0,0,0,15,0,15,10
242,243,1.46,1.89,1.89,2.16,2.67,102.46000000000002,0,0,0,0,0,2,15,0,7,21
243,244,1.46,1.89,1.91,2.16,2.67,87.88000000000001,0,0,0,0,0,0,0,11,5,21
244,245,1.46,1.89,1.91,2.16,2.67,138.45000000000002,0,0,0,0,0,0,0,0,6,47
245,246,1.46,1.89,1.99,2.15,2.65,80.2,0,0,0,0,0,0,20,0,0,16
246,247,1.46,1.89,1.99,2.15,2.66,128.94999999999996,0,0,0,0,0,6,8,22,5,19
247,248,1.46,1.89,1.99,2.15,2.66,23.94,0,0,0,0,0,0,0,0,0,9
248,249,1.46,1.89,1.99,2.15,2.65,147.44,0,0,0,0,0,0,21,0,23,22
249,250,1.46,1.89,1.99,2.15,2.66,98.9,0,1,0,0,0,0,0,0,46,0
250,251,1.46,1.89,1.99,2.15,2.65,13.25,0,0,0,0,0,0,0,0,0,5
251,252,1.46,1.89,1.99,2.16,2.67,122.62,0,1,0,0,0,0,14,16,10,16
252,253,1.46,1.57,2.0,2.16,2.64,80.34999999999998,0,1,0,0,0,0,31,0,0,12
253,254,1.46,1.57,2.0,2.16,2.64,210.66000000000003,0,1,0,0,0,28,50,10,11,18
254,255,1.46,1.57,2.0,2.16,2.64,137.19,0,1,0,0,0,0,51,0,13,11
255,256,1.46,1.57,2.0,2.16,2.64,0.0,0,1,0,0,0,0,0,0,0,0
256,257,1.46,1.57,2.0,2.16,2.64,37.32,0,1,0,0,0,0,12,0,0,7
257,258,1.49,1.57,2.0,2.16,2.64,219.01999999999987,0,1,0,0,0,0,86,0,12,22
258,259,1.49,1.57,2.0,2.16,2.64,136.01,0,1,0,0,0,0,53,0,11,11
259,260,1.37,1.26,1.96,2.16,2.67,96.57000000000006,1,1,0,0,0,0,26,0,11,15
260,261,1.37,1.26,1.96,2.16,2.67,193.23000000000002,1,1,0,0,0,0,58,0,0,45
261,262,1.37,1.26,1.96,2.16,2.67,220.56000000000006,1,1,0,0,0,0,99,0,32,10
262,263,1.37,1.26,1.96,2.16,2.67,109.68,1,1,0,0,0,0,34,0,26,4
263,264,1.37,1.26,1.96,2.16,2.67,125.14000000000003,1,1,0,0,0,0,29,7,5,24
264,265,1.37,1.26,1.96,2.16,2.67,73.21000000000001,1,1,0,0,0,1,10,5,13,8
265,266,1.37,1.26,1.96,2.16,2.67,111.18,1,1,0,0,0,0,37,0,20,8
266,267,1.37,1.26,1.96,2.16,2.67,134.07000000000002,1,1,0,0,0,0,27,0,8,31
267,268,1.37,1.26,1.96,2.16,2.67,89.0,1,1,0,0,0,0,22,5,9,12
268,269,1.37,1.26,1.96,2.16,2.67,83.27999999999999,1,0,0,0,0,24,40,0,0,0
269,270,1.37,1.27,1.96,2.16,2.67,40.53999999999999,1,0,0,0,0,0,13,0,0,9
270,271,1.37,1.27,1.96,2.16,2.67,123.87000000000003,1,0,0,0,0,0,35,16,0,18
271,272,1.4,1.89,2.0,2.16,2.64,100.80000000000001,1,0,0,0,0,0,0,0,32,12
272,273,1.4,1.89,1.96,2.16,2.64,152.52999999999994,1,0,0,0,0,11,21,0,6,32
273,274,1.4,1.89,1.96,2.16,2.64,71.28,1,0,0,0,0,0,0,0,0,27
274,275,1.4,1.89,2.0,2.16,2.64,273.80999999999983,1,0,0,0,0,0,25,24,24,48
275,276,1.4,1.89,2.0,2.16,2.64,97.89000000000001,0,0,0,0,0,0,9,0,24,11
276,277,1.4,1.89,2.0,2.16,2.64,57.120000000000005,0,0,0,0,0,0,0,0,13,11
277,278,1.37,1.89,2.0,2.16,2.64,64.36,0,0,0,0,0,23,9,0,0,6
278,279,1.37,1.89,1.94,2.14,2.64,78.49000000000001,0,0,0,0,0,0,9,14,0,13
279,280,1.37,1.89,1.94,2.14,2.64,128.14000000000001,0,0,0,0,0,0,0,0,13,38
280,281,1.37,1.89,1.94,2.14,2.64,127.4,0,0,0,0,0,0,18,10,21,11
281,282,1.37,1.89,2.0,2.14,2.64,110.48,0,0,0,0,0,0,0,46,0,7
282,283,1.37,1.89,2.0,2.14,2.64,115.14000000000001,0,0,0,0,0,0,0,0,39,12
283,284,1.37,1.89,2.0,2.14,2.66,78.6,0,0,0,0,0,0,12,0,5,17
284,285,1.46,1.89,2.0,2.15,2.66,153.78000000000003,0,0,0,0,0,0,14,0,32,22
285,286,1.49,1.89,2.0,2.15,2.66,92.80000000000001,0,0,0,0,0,0,4,7,22,9
286,287,1.49,1.89,2.0,2.15,2.66,15.96,0,0,0,0,0,0,0,0,0,6
287,288,1.49,1.89,2.0,2.15,2.67,156.57,0,0,0,0,0,0,46,0,15,14
288,289,1.49,1.89,2.0,2.17,2.67,94.52000000000002,0,0,0,0,0,11,4,12,19,2
289,290,1.49,1.89,2.0,2.17,2.67,259.25,0,0,0,0,0,0,19,45,11,41
290,291,1.49,1.89,2.0,2.17,2.67,102.07000000000002,0,0,0,0,0,0,0,24,4,17
291,292,1.49,1.89,2.0,2.17,2.67,119.31000000000003,0,0,0,0,0,6,4,0,24,19
292,293,1.48,1.89,2.01,2.18,2.7,107.21000000000002,0,0,0,0,0,0,3,0,28,15
293,294,1.48,1.89,2.01,2.18,2.69,15.629999999999999,0,0,0,0,0,0,4,0,0,3
294,295,1.48,1.89,2.01,2.18,2.69,143.49999999999997,0,0,0,0,0,6,50,0,11,6
295,296,1.48,1.89,2.01,2.18,2.69,96.38000000000001,0,0,0,0,0,0,36,0,13,0
296,297,1.48,1.89,2.01,2.18,2.69,121.98000000000002,0,0,0,0,0,0,24,0,8,22
297,298,1.48,1.89,2.01,2.18,2.69,79.09,0,0,0,0,0,7,10,10,5,7
298,299,1.48,1.89,2.01,2.18,2.69,107.38000000000002,0,0,0,0,0,10,21,4,7,11
299,300,1.48,1.89,2.01,2.18,2.69,118.4,0,0,0,0,0,0,21,0,25,9
300,301,1.48,1.89,2.01,2.18,2.69,88.62,0,0,0,0,0,5,10,2,7,16
301,302,1.48,1.89,1.97,2.18,2.68,87.31,0,0,0,1,0,0,15,0,0,22
302,303,1.46,1.77,1.97,2.18,2.68,117.61000000000001,0,0,0,0,0,0,19,0,25,11
303,304,1.46,1.77,1.97,2.18,2.69,191.77999999999997,0,0,0,1,0,0,67,0,20,11
304,305,1.36,1.89,1.97,2.03,2.68,278.5100000000001,1,0,0,1,0,7,13,30,20,54
305,306,1.34,1.89,1.97,2.03,2.7,99.9,1,0,0,1,0,0,0,0,0,37
306,307,1.34,1.89,2.01,2.03,2.68,72.17,1,0,0,1,0,0,21,0,16,0
307,308,1.34,1.89,2.01,2.03,2.68,36.980000000000004,0,0,0,1,0,0,5,0,3,8
308,309,1.34,1.89,2.01,2.03,2.69,39.58,0,1,0,0,0,0,0,13,0,5
309,310,1.2,1.89,2.01,2.03,2.7,156.55999999999997,0,1,0,0,0,20,0,0,52,10
310,311,1.2,1.89,2.01,2.03,2.7,108.30000000000001,0,1,0,0,0,25,0,0,0,29
311,312,1.33,1.49,2.01,2.21,2.69,91.43000000000002,0,1,0,0,0,8,47,0,0,4
312,313,1.33,1.49,2.01,2.21,2.69,180.44999999999996,0,1,0,0,0,12,57,0,36,0
313,314,1.33,1.49,2.01,2.21,2.7,315.57,0,1,0,0,0,24,36,0,21,68
314,315,1.33,1.49,2.01,2.21,2.7,110.85,0,1,0,0,0,12,51,0,0,7
315,316,1.33,1.49,2.01,2.21,2.7,136.43,1,1,0,0,0,32,63,0,0,0
316,317,1.33,1.49,2.01,2.21,2.7,37.99,0,1,0,0,0,0,11,0,0,8
317,318,1.47,1.49,2.01,2.21,2.7,60.52,1,1,0,0,0,0,8,0,0,18
318,319,1.33,1.89,1.98,2.21,2.7,76.00000000000003,1,0,0,0,0,0,8,0,8,16
319,320,1.35,1.89,1.98,2.21,2.7,118.71000000000002,1,1,0,0,0,2,17,11,0,23
320,321,1.35,1.89,1.94,2.21,2.7,224.58999999999997,1,0,0,0,0,0,4,0,53,37
321,322,1.33,1.89,1.98,2.21,2.7,119.07000000000002,1,1,0,0,0,0,63,0,0,0
322,323,1.33,1.89,1.98,2.21,2.7,29.46,0,0,0,1,0,0,0,0,6,6
323,324,1.33,1.89,1.98,2.21,2.7,90.36000000000001,0,0,0,1,0,0,0,17,0,21
324,325,1.33,1.89,1.98,2.21,2.7,95.42999999999998,0,0,0,1,0,21,0,0,0,25
325,326,1.47,1.89,2.01,1.9,2.69,10.76,0,0,0,1,0,0,0,0,0,4
326,327,1.47,1.89,2.01,1.9,2.71,119.87999999999998,0,0,0,1,0,0,4,0,42,12
327,328,1.47,1.89,2.01,1.9,2.69,137.54999999999998,0,0,0,1,0,9,10,0,30,18
328,329,1.47,1.89,2.01,1.9,2.7,47.7,0,0,0,1,0,0,0,0,18,5
329,330,1.47,1.89,2.01,1.9,2.7,197.68999999999997,0,0,0,1,0,0,34,3,23,31
330,331,1.47,1.89,2.01,1.9,2.7,89.68,0,0,0,1,0,3,14,1,10,14
331,332,1.47,1.89,2.01,1.9,2.7,74.13,0,0,0,1,0,2,17,6,0,10
332,333,1.47,1.89,2.01,1.9,2.7,122.59000000000003,0,0,0,1,0,7,26,6,7,14
333,334,1.47,1.89,2.01,1.9,2.7,131.76999999999998,0,0,0,1,0,0,25,2,4,27
334,335,1.47,1.89,2.01,1.9,2.69,116.06000000000002,0,0,0,0,0,0,12,0,18,22
335,336,1.47,1.89,2.02,1.9,2.69,85.31,0,0,0,0,0,0,0,0,18,19
336,337,1.47,1.89,2.02,1.9,2.6,53.13000000000001,0,0,0,0,0,0,5,14,4,3
337,338,1.4,1.89,2.02,2.21,2.59,80.32000000000001,0,0,0,0,0,0,30,0,6,4
338,339,1.4,1.89,2.02,2.21,2.59,105.17999999999999,0,1,0,0,0,0,23,0,8,17
339,340,1.4,1.89,2.02,2.21,2.6,404.59,0,1,0,0,0,0,99,11,6,70
340,341,1.4,1.89,2.02,2.02,2.6,136.03,0,1,0,0,0,17,47,0,0,9
341,342,1.4,1.89,2.02,2.02,2.6,59.31000000000001,1,0,0,0,0,0,19,0,0,9
342,343,1.4,1.89,1.97,2.02,2.6,103.18000000000002,0,0,0,0,0,0,30,0,14,7
343,344,1.4,1.89,1.97,2.21,2.59,143.33,1,0,0,0,0,0,35,0,15,17
344,345,1.35,1.89,1.97,2.02,2.61,256.79,1,0,0,0,0,4,60,0,5,49
345,346,1.35,1.89,1.97,2.02,2.61,115.89,1,0,0,0,0,0,8,0,15,27
346,347,1.35,1.89,1.97,2.21,2.61,32.94,1,0,0,0,0,7,0,0,0,9
347,348,1.35,1.89,1.97,2.21,2.61,128.14,1,0,0,0,0,9,16,0,14,21
348,349,1.29,1.89,1.97,2.21,2.61,147.89000000000001,1,1,0,0,0,9,11,0,31,18
349,350,1.29,1.89,1.97,2.21,2.71,63.67,1,0,0,0,0,0,0,0,19,8
350,351,1.29,1.83,1.97,2.21,2.68,181.41000000000005,0,1,0,0,0,0,8,11,22,36
351,352,1.23,1.81,1.97,2.21,2.66,91.36,1,1,0,0,0,8,0,0,8,24
352,353,1.23,1.81,1.97,2.21,2.66,43.63000000000001,1,0,0,0,0,0,5,0,0,13
353,354,1.23,1.81,1.97,2.21,2.66,151.31999999999996,1,1,0,0,0,0,16,0,0,46
354,355,1.26,1.81,1.97,2.21,2.66,173.06999999999994,1,1,0,0,0,0,0,0,41,31
355,356,1.23,1.81,1.97,2.21,2.67,102.39,0,0,0,0,0,42,0,0,0,19
356,357,1.1,1.81,2.02,2.21,2.67,46.71000000000001,0,0,0,0,0,0,2,0,5,12
357,358,1.1,1.81,2.02,2.21,2.67,180.08000000000004,0,0,0,0,0,48,0,10,11,31
358,359,1.33,1.89,2.02,2.02,2.69,66.86,0,0,0,0,0,16,17,0,0,5
359,360,1.33,1.89,2.02,2.2,2.69,241.48,0,0,0,0,0,22,0,11,13,60
360,361,1.33,1.89,2.02,2.2,2.68,190.41000000000003,0,0,0,0,0,37,0,0,52,10
361,362,1.33,1.89,2.02,2.2,2.69,121.37000000000002,0,0,0,0,0,38,16,0,5,11
362,363,1.27,1.89,2.02,2.2,2.67,142.81999999999994,0,1,0,0,0,60,0,0,23,6
363,364,1.27,1.89,2.02,2.2,2.67,116.99000000000005,0,1,0,0,0,33,0,0,5,24
364,365,1.27,1.89,2.02,2.2,2.68,124.15,0,1,0,0,0,13,0,0,27,18
365,366,1.21,1.53,2.02,2.21,2.68,108.35000000000002,0,1,0,0,0,0,34,0,17,7
366,367,1.21,1.53,2.02,2.02,2.68,129.98000000000005,0,1,1,0,0,16,28,0,11,17
367,368,1.21,1.53,2.02,2.21,2.68,166.84000000000003,0,1,0,0,0,12,17,16,11,26
368,369,1.21,1.53,2.02,2.21,2.68,120.64000000000004,0,1,0,0,0,8,35,0,9,14
369,370,1.21,1.53,2.02,2.21,2.68,139.22000000000003,0,0,0,0,0,11,35,0,0,27
370,371,1.21,1.53,2.02,2.21,2.69,186.94000000000003,1,0,0,0,0,0,29,0,0,53
371,372,1.21,1.53,2.02,2.21,2.69,93.38000000000002,1,0,0,0,0,0,15,0,27,4
372,373,1.21,1.87,2.02,2.21,2.71,141.38999999999996,1,0,0,0,1,0,0,18,23,20
373,374,1.21,1.87,2.02,2.21,2.69,220.30999999999995,1,0,0,0,0,4,10,0,44,37
374,375,1.21,1.87,2.02,2.21,2.71,102.80999999999999,1,0,0,0,0,25,12,0,19,3
375,376,1.21,1.87,2.02,2.21,2.71,185.02000000000004,1,0,0,0,0,0,37,7,8,31
376,377,1.21,1.87,2.02,2.21,2.71,113.22000000000003,1,0,0,0,0,12,26,7,4,10
377,378,1.21,1.87,2.02,2.21,2.71,89.06,1,0,0,0,0,9,16,5,5,10
378,379,1.21,1.87,2.02,2.21,2.71,99.97000000000001,1,0,0,0,0,6,19,3,17,5
379,380,1.21,1.87,2.02,2.21,2.71,99.73,1,0,0,0,0,1,18,8,11,9
380,381,1.24,1.87,2.02,2.21,2.71,124.13000000000001,1,0,0,0,0,14,0,22,0,23
381,382,1.24,1.87,2.02,2.21,2.71,46.06999999999999,0,0,0,0,0,0,0,0,0,17
382,383,1.24,1.87,2.02,2.21,2.71,94.39999999999999,0,0,0,0,0,0,0,0,28,12
383,384,1.23,1.87,2.02,2.21,2.71,71.16,0,0,0,0,0,0,9,0,16,7
384,385,1.49,1.89,2.02,2.21,2.7,19.64,0,0,0,0,0,0,0,0,4,4
385,386,1.49,1.89,2.02,2.21,2.7,213.66999999999996,0,0,0,0,0,0,22,0,29,40
386,387,1.49,1.89,2.02,2.21,2.69,18.84,0,0,0,0,0,0,0,4,0,4
387,388,1.49,1.89,2.02,2.21,2.7,137.17000000000002,0,0,0,0,0,0,5,23,16,17
388,389,1.47,1.89,2.02,2.21,2.7,29.210000000000008,0,0,0,1,0,2,0,0,7,4
389,390,1.49,1.89,2.02,2.21,2.71,78.64000000000001,0,0,0,1,0,15,3,0,18,4
390,391,1.47,1.89,2.02,2.21,2.69,78.57,0,0,0,0,0,17,4,0,5,13
391,392,1.47,1.89,2.02,1.94,2.7,167.13,0,1,0,1,0,0,77,0,0,8
392,393,1.47,1.89,2.02,1.94,2.69,168.67999999999998,0,0,0,1,0,0,37,18,28,3
393,394,1.47,1.89,2.02,1.94,2.69,197.71999999999994,0,0,0,1,0,0,73,0,10,15
394,395,1.34,1.89,2.02,1.94,2.7,331.1299999999998,0,1,0,1,0,0,89,0,13,51
395,396,1.47,1.89,2.02,1.94,2.69,122.75000000000003,0,0,0,0,0,0,24,0,8,23
396,397,1.49,1.89,2.02,1.94,2.69,151.98,0,0,0,0,0,17,20,0,25,15
397,398,1.49,1.89,2.02,1.94,2.69,135.85999999999999,0,0,0,0,0,0,20,0,45,4
398,399,1.47,1.89,2.02,2.21,2.7,5.88,0,0,0,0,0,4,0,0,0,0
399,400,1.47,1.89,2.02,2.21,2.7,150.04999999999995,0,0,0,0,0,0,16,22,17,14
400,401,1.47,1.89,2.02,2.21,2.7,43.20000000000001,0,0,0,0,0,0,0,0,0,16
401,402,1.47,1.89,2.02,2.21,2.69,62.740000000000016,0,0,0,0,0,0,4,12,14,0
402,403,1.47,1.89,2.02,2.21,2.69,115.96999999999997,0,0,0,0,0,0,9,0,18,22
403,404,1.33,1.89,2.02,2.21,2.69,77.06,0,0,0,0,0,0,0,0,30,4
404,405,1.33,1.89,2.02,2.21,2.69,47.99000000000001,0,0,0,0,0,16,0,0,6,5
405,406,1.33,1.89,2.02,2.07,2.67,79.77000000000001,0,0,0,0,0,18,14,0,0,11
406,407,1.33,1.89,2.02,2.07,2.67,158.09999999999994,0,0,0,0,0,0,20,0,22,28
407,408,1.33,1.89,2.02,2.21,2.68,68.38,0,0,0,0,0,8,0,0,14,10
408,409,1.33,1.89,2.02,2.21,2.7,239.32000000000002,0,0,0,0,0,31,10,0,9,59
409,410,1.33,1.89,2.02,2.21,2.7,49.77000000000001,0,0,0,0,0,9,0,0,0,14
410,411,1.33,1.89,2.02,2.21,2.66,48.85000000000001,0,0,0,0,0,4,9,0,12,0
411,412,1.34,1.89,2.02,2.21,2.66,48.91000000000001,0,0,0,0,0,7,5,0,10,3
412,413,1.28,1.89,2.02,2.21,2.66,131.65,0,0,0,0,0,32,0,0,29,10
413,414,1.28,1.89,2.02,2.21,2.66,91.71999999999998,0,0,0,0,0,7,7,0,11,17
414,415,1.34,1.89,2.02,2.21,2.66,64.66,0,0,0,0,0,8,0,14,8,3
415,416,1.34,1.89,2.02,2.21,2.65,189.22999999999993,0,0,0,0,0,33,26,0,17,22
416,417,1.34,1.89,2.02,2.21,2.65,81.47,0,0,0,1,0,12,0,0,14,13
417,418,1.34,1.89,2.02,2.21,2.65,131.79,0,0,0,1,0,9,4,12,23,14
418,419,1.34,1.89,2.02,2.21,2.65,105.59,0,0,0,1,0,2,28,2,10,9
419,420,1.34,1.89,2.02,2.21,2.65,100.54,0,0,0,1,0,0,15,6,2,21
420,421,1.34,1.89,2.02,2.21,2.65,78.59,0,0,0,1,0,0,10,2,0,21
421,422,1.34,1.89,2.02,2.21,2.65,210.50999999999996,0,0,0,1,0,6,39,6,24,24
422,423,1.34,1.89,2.02,2.21,2.65,85.51000000000002,0,0,0,1,0,0,23,2,10,6
423,424,1.34,1.89,2.02,2.21,2.65,91.14999999999999,0,0,0,0,0,10,0,0,10,21
424,425,1.34,1.57,2.02,1.98,2.64,133.18000000000004,0,1,0,1,1,32,18,0,18,10
425,426,1.34,1.57,2.02,1.98,2.64,0.0,0,0,0,0,0,0,0,0,0,0
426,427,1.34,1.57,2.02,1.98,2.65,152.3,0,1,0,1,0,0,0,0,10,50
427,428,1.34,1.57,2.02,1.98,2.65,111.41999999999996,0,1,0,1,0,8,20,0,35,0
428,429,1.34,1.57,2.02,1.98,2.65,173.55,0,1,0,0,0,42,46,0,0,17
429,430,1.34,1.57,2.02,1.98,2.64,137.64999999999998,0,1,0,0,0,0,49,0,0,23
430,431,1.47,1.57,2.02,1.98,2.64,115.97,0,1,0,0,0,0,23,0,11,22
431,432,1.41,1.57,2.02,2.04,2.66,21.98,0,0,0,0,0,0,14,0,0,0
432,433,1.41,1.57,2.02,2.04,2.65,222.85000000000002,0,0,0,0,0,0,13,33,12,42
433,434,1.38,1.57,2.02,2.04,2.66,72.98,0,0,0,0,0,0,0,0,11,19
434,435,1.38,1.77,2.02,2.18,2.66,174.12000000000003,0,0,0,0,0,8,32,0,11,31
435,436,1.38,1.57,2.02,2.18,2.67,100.66999999999999,0,1,0,0,0,0,8,0,0,33
436,437,1.44,1.57,2.02,2.18,2.71,69.30999999999999,0,0,0,0,0,3,0,4,0,21
437,438,1.44,1.69,2.02,2.18,2.65,145.7,0,1,0,0,0,3,0,14,30,18
438,439,1.47,1.57,2.02,2.18,2.64,81.7,0,1,0,0,0,0,10,0,0,25
439,440,1.47,1.89,2.02,2.18,2.64,115.37000000000005,0,1,0,0,0,0,7,0,19,23
440,441,1.47,1.77,2.02,2.18,2.64,133.26,0,1,0,0,0,0,24,0,15,22
441,442,1.47,1.89,2.02,2.18,2.7,91.78000000000002,0,1,0,0,0,0,0,22,18,3
442,443,1.47,1.77,2.02,2.18,2.64,31.770000000000003,0,0,0,0,0,0,9,0,0,6
443,444,1.47,1.89,2.02,2.18,2.64,109.84000000000002,0,0,0,0,0,4,8,10,0,26
444,445,1.47,1.89,2.02,2.18,2.64,64.17,0,0,0,0,0,0,9,0,18,3
445,446,1.47,1.89,2.02,2.21,2.64,0.0,0,0,0,0,0,0,0,0,0,0
446,447,1.47,1.89,2.02,2.21,2.64,82.49,0,0,0,0,0,6,0,0,19,12
447,448,1.47,1.89,2.02,2.21,2.7,49.88,0,0,0,0,0,0,0,14,0,8
448,449,1.47,1.69,2.02,2.21,2.7,216.48999999999998,0,0,0,0,0,0,24,20,43,15
449,450,1.47,1.57,2.02,2.21,2.7,153.59,0,0,0,0,0,0,17,0,0,47
450,451,1.47,1.77,2.02,2.21,2.7,70.45,0,0,0,0,0,0,0,0,5,22
451,452,1.47,1.69,2.02,2.21,2.7,67.50000000000001,0,0,0,0,0,0,0,0,0,25
452,453,1.41,1.89,2.02,2.21,2.7,85.49000000000001,0,0,0,0,0,0,16,0,25,0
453,454,1.48,1.69,2.02,2.21,2.7,31.07,0,0,0,0,0,0,4,0,11,0
454,455,1.48,1.69,2.02,2.21,2.7,16.200000000000003,0,0,0,0,0,0,0,0,0,6
455,456,1.48,1.77,2.02,2.21,2.7,32.220000000000006,0,0,0,0,0,0,6,0,0,8
456,457,1.48,1.57,2.02,2.21,2.7,0.0,0,0,0,0,0,0,0,0,0,0
457,458,1.47,1.48,2.02,2.21,2.7,48.60000000000001,0,1,0,0,0,0,0,0,0,18
458,459,1.47,1.48,2.02,2.21,2.7,141.27000000000004,0,1,0,0,0,44,0,0,9,21
459,460,1.35,1.57,2.02,2.21,2.7,384.2099999999998,1,1,0,0,0,49,75,0,21,57
460,461,1.35,1.57,2.02,2.21,2.7,245.52,1,1,0,0,0,0,27,10,73,8
461,462,1.35,1.57,2.02,2.21,2.7,62.04000000000001,0,1,0,0,0,0,12,0,0,16
462,463,1.35,1.57,2.02,2.21,2.7,61.09000000000002,1,1,0,0,0,0,17,5,0,9
463,464,1.35,1.57,2.02,2.21,2.7,96.49000000000001,0,1,0,0,0,0,0,0,29,12
464,465,1.26,1.57,2.02,2.21,2.7,112.86000000000001,0,1,0,0,0,20,28,0,10,8
465,466,1.26,1.57,2.02,2.21,2.7,23.8,0,1,0,0,0,0,10,0,0,3
466,467,1.28,1.36,2.02,2.21,2.68,119.14,0,1,0,0,0,12,11,0,22,15
467,468,1.28,1.36,2.02,2.21,2.68,357.7200000000001,0,1,0,0,0,0,39,0,36,84
468,469,1.28,1.36,2.02,2.21,2.7,27.120000000000005,0,1,0,0,0,0,12,0,0,4
469,470,1.39,1.36,2.02,2.21,2.7,111.10999999999997,0,1,0,0,0,7,37,0,6,14
470,471,1.39,1.36,2.02,2.21,2.7,97.89,0,0,0,0,0,14,32,14,3,0
471,472,1.39,1.36,1.99,2.21,2.7,33.14000000000001,0,1,0,0,0,0,0,0,4,9
472,473,1.39,1.36,1.99,2.21,2.7,136.83,0,0,0,0,0,31,59,0,0,5
473,474,1.24,1.88,1.99,2.21,2.7,131.59999999999997,1,0,0,0,0,0,5,16,36,4
474,475,1.24,1.88,1.99,2.21,2.7,165.37000000000006,1,1,0,0,0,0,7,0,31,31
475,476,1.26,1.88,1.99,2.21,2.7,134.20000000000005,1,0,0,0,0,20,0,10,0,33
476,477,1.26,1.88,1.99,2.21,2.7,207.29,1,0,0,0,0,19,6,0,7,58
477,478,1.26,1.88,1.99,2.21,2.7,49.14,0,0,0,0,0,24,0,0,0,7
478,479,1.35,1.88,1.99,2.21,2.7,84.57000000000002,0,0,0,0,0,11,0,0,12,16
479,480,1.35,1.88,1.99,2.21,2.7,83.70000000000002,0,0,0,0,0,0,0,0,0,31
480,481,1.37,1.88,1.99,2.21,2.7,72.1,0,0,0,0,0,30,5,0,0,8
481,482,1.37,1.88,1.99,2.21,2.7,241.94999999999993,0,0,0,0,0,12,20,32,33,19
482,483,1.37,1.88,1.99,2.21,2.7,163.16,0,0,0,0,0,0,4,0,24,38
483,484,1.39,1.88,2.01,2.21,2.7,119.43000000000002,0,0,0,0,0,0,2,6,31,13
484,485,1.39,1.88,2.01,2.21,2.7,47.67999999999999,1,1,0,0,0,0,11,0,0,10
485,486,1.39,1.88,2.01,2.21,2.58,12.9,1,0,0,0,0,0,0,0,0,5
486,487,1.39,1.88,2.05,2.21,2.58,117.42999999999998,1,1,0,0,0,0,4,4,11,30
487,488,1.33,1.57,2.06,2.21,2.58,52.71000000000001,1,1,0,0,0,0,27,0,0,4
488,489,1.33,1.57,2.06,2.21,2.58,303.1299999999999,1,1,0,0,0,34,34,0,19,63
489,490,1.33,1.57,2.06,2.21,2.58,134.84999999999997,1,1,0,0,0,0,24,8,19,15
490,491,1.33,1.57,2.06,2.21,2.58,266.2599999999999,1,1,0,0,0,40,76,21,10,11
491,492,1.33,1.57,2.06,2.21,2.58,130.83999999999997,1,1,0,0,0,3,20,0,7,31
492,493,1.33,1.57,2.06,2.21,2.58,98.71000000000001,1,1,0,0,0,6,20,0,7,17
493,494,1.33,1.57,2.06,2.21,2.58,145.71999999999997,1,1,0,0,0,3,21,2,24,20
494,495,1.33,1.57,2.06,2.21,2.58,110.30999999999999,1,1,0,0,0,1,39,1,9,10
495,496,1.33,1.57,2.06,2.21,2.58,133.07000000000002,1,1,0,0,0,0,25,1,10,27
496,497,1.33,1.57,2.06,2.21,2.58,60.05000000000001,0,0,0,0,0,18,23,0,0,0
497,498,1.19,1.57,2.06,2.21,2.54,156.94,0,0,0,0,1,0,40,0,38,4
498,499,1.19,1.57,2.06,2.21,2.58,155.91000000000003,1,0,0,0,1,17,0,7,0,47
499,500,1.21,1.89,2.07,2.21,2.53,119.84000000000002,1,0,0,0,1,0,0,0,5,43
500,501,1.21,1.89,2.07,2.21,2.53,176.14000000000001,1,0,0,0,1,12,21,0,38,15
501,502,1.21,1.89,2.07,2.21,2.53,127.93,1,0,0,0,1,0,24,13,0,22
502,503,1.21,1.89,2.07,2.21,2.47,160.15999999999997,1,0,0,0,1,0,0,0,11,55
503,504,1.21,1.89,2.07,2.21,2.53,265.8,0,0,0,0,0,37,0,21,46,30
504,505,1.21,1.89,2.07,2.21,2.49,92.64,0,0,0,0,0,21,0,0,0,27
505,506,1.21,1.89,2.07,2.21,2.48,54.559999999999995,0,0,0,0,0,0,0,0,0,22
506,507,1.34,1.88,2.07,2.26,2.49,106.78999999999999,0,0,0,0,0,7,0,23,0,20
507,508,1.34,1.88,2.07,2.26,2.49,102.44999999999999,0,0,0,0,0,0,19,0,13,15
508,509,1.34,1.88,2.07,2.26,2.43,261.32,0,0,0,0,0,0,7,23,21,63
509,510,1.34,1.88,2.07,2.26,2.43,38.86000000000001,0,0,0,0,0,29,0,0,0,0
510,511,1.34,1.88,2.07,2.26,2.43,14.580000000000002,0,1,0,0,0,0,0,0,0,6
511,512,1.47,1.88,2.07,2.26,2.44,147.32999999999993,0,1,0,0,0,5,21,0,11,31
512,513,1.47,1.88,2.07,2.26,2.44,98.21000000000001,0,1,0,0,0,21,0,0,19,10
513,514,1.47,1.51,2.07,1.96,2.64,82.62,0,1,0,1,0,0,22,0,5,15
514,515,1.47,1.51,2.07,1.96,2.64,238.96000000000004,0,1,0,1,1,0,28,0,33,50
515,516,1.47,1.51,2.07,1.96,2.64,186.51999999999995,0,1,0,1,0,0,67,17,0,19
516,517,1.47,1.51,2.07,1.96,2.64,281.7099999999999,0,1,0,1,0,0,45,16,10,61
517,518,1.47,1.51,2.07,1.96,2.64,106.77999999999999,0,0,0,0,0,0,46,0,15,3
518,519,1.47,1.51,2.07,1.96,2.64,70.07000000000001,0,0,0,0,0,0,5,0,9,17
519,520,1.47,1.51,2.07,1.96,2.64,76.19,0,0,0,0,0,0,29,8,0,6
520,521,1.35,1.89,2.07,2.26,2.63,82.84,1,0,0,0,0,0,16,0,0,20
521,522,1.35,1.89,2.07,2.26,2.63,144.89000000000001,1,0,0,0,0,0,21,0,0,40
522,523,1.35,1.89,2.07,2.26,2.63,160.88000000000002,1,0,0,0,0,20,37,22,0,7
523,524,1.35,1.89,2.07,2.26,2.63,263.04999999999995,1,0,0,0,0,0,84,0,38,7
524,525,1.35,1.89,2.07,2.26,2.63,89.11000000000001,1,0,0,0,0,5,17,9,7,6
525,526,1.35,1.89,2.07,2.26,2.63,110.72999999999999,1,0,0,0,0,4,21,1,13,13
526,527,1.35,1.89,2.07,2.26,2.63,118.93000000000002,1,0,0,0,0,1,20,12,15,8
527,528,1.35,1.89,2.07,2.26,2.63,112.49000000000002,1,0,0,0,0,8,17,2,8,18
528,529,1.35,1.89,2.07,2.26,2.63,105.02000000000001,1,0,0,0,0,0,10,10,8,18
529,530,1.35,1.89,2.07,2.26,2.63,119.52000000000002,0,0,0,0,0,9,15,0,21,12
530,531,1.35,1.89,2.07,2.26,2.66,202.07999999999998,0,0,0,0,0,0,70,26,0,6
531,532,1.35,1.89,2.07,2.26,2.66,115.88,0,0,0,0,0,0,33,13,0,10
532,533,1.47,1.86,2.07,2.26,2.66,92.98999999999998,0,0,0,0,0,19,0,4,11,12
533,534,1.47,1.86,2.07,2.26,2.66,39.63,0,0,0,0,0,0,7,9,0,3
534,535,1.47,1.86,2.07,2.26,2.66,116.17999999999999,0,0,0,0,0,0,11,12,9,19
535,536,1.47,1.86,2.07,2.26,2.65,73.26,0,0,0,0,0,6,9,0,0,18
536,537,1.47,1.86,2.07,2.26,2.66,95.54,0,1,0,0,0,0,3,8,16,14
537,538,1.47,1.86,2.07,2.26,2.64,119.41,0,1,0,0,0,13,14,0,13,17
538,539,1.47,1.86,2.07,2.26,2.64,21.12,0,1,0,0,0,0,0,0,0,8
539,540,1.47,1.56,2.05,2.26,2.59,186.03,0,1,0,0,0,0,59,13,0,26
540,541,1.47,1.56,2.05,2.26,2.27,194.74,0,1,0,0,0,10,37,21,18,17
541,542,1.47,1.56,2.05,2.26,2.27,197.47000000000006,0,1,0,0,0,0,32,0,0,65
542,543,1.47,1.56,2.05,2.26,2.59,69.37,0,1,0,0,0,0,25,0,10,3
543,544,1.46,1.56,2.05,2.26,2.59,101.65,0,0,0,0,0,11,20,0,0,21
544,545,1.46,1.56,2.05,2.26,2.61,160.61,1,0,0,0,0,8,19,34,0,19
545,546,1.46,1.56,2.05,2.26,2.29,67.08,0,0,0,0,0,0,43,0,0,0
546,547,1.35,1.89,2.07,2.26,2.63,213.10999999999999,1,0,0,0,0,0,2,0,10,71
547,548,1.35,1.89,2.07,2.26,2.63,131.45000000000002,1,0,0,0,0,7,16,0,15,22
548,549,1.35,1.89,2.07,2.26,2.63,105.02000000000001,0,0,0,0,0,0,27,21,0,4
549,550,1.35,1.89,2.07,2.26,2.63,146.39000000000004,0,0,0,0,0,3,20,0,16,26
550,551,1.35,1.89,2.07,2.26,2.63,78.60000000000002,0,0,0,0,0,6,18,2,5,8
551,552,1.35,1.89,2.07,2.26,2.63,72.65,0,0,0,0,0,0,3,0,18,10
552,553,1.35,1.89,2.07,2.26,2.63,84.74000000000001,0,0,0,0,0,7,7,6,8,12
553,554,1.35,1.89,2.07,2.26,2.63,93.16,0,0,0,0,0,3,12,7,16,6
554,555,1.35,1.89,2.07,2.26,2.63,116.42999999999999,1,0,0,0,0,45,0,0,13,10
555,556,1.35,1.89,2.07,2.26,2.63,33.53,1,1,0,0,0,7,0,0,6,4
556,557,1.35,1.89,2.07,2.26,2.63,53.75000000000001,1,1,0,0,0,0,0,0,4,17
557,558,1.35,1.89,2.07,2.26,2.62,71.94999999999999,0,1,0,0,0,0,4,15,2,11
558,559,1.33,1.51,2.07,2.26,2.62,69.41,1,1,0,0,0,0,13,0,0,19
559,560,1.33,1.51,2.07,2.26,2.62,70.44999999999999,1,1,0,0,0,19,14,0,6,4
560,561,1.33,1.51,2.07,2.26,2.62,208.69000000000008,1,1,0,0,0,0,29,0,15,50
561,562,1.33,1.51,2.07,2.26,2.62,182.63000000000005,1,1,0,0,0,8,70,5,12,11
562,563,1.33,1.55,2.07,2.26,2.62,106.88999999999999,0,0,0,0,0,43,0,12,11,0
563,564,1.33,1.55,2.07,2.26,2.62,38.75,0,0,0,0,0,0,25,0,0,0
564,565,1.33,1.55,2.07,2.26,2.62,50.03999999999999,0,0,0,0,0,0,12,0,0,12
565,566,1.48,1.89,2.07,2.26,2.39,75.8,0,0,0,0,0,6,0,0,0,28
566,567,1.48,1.89,2.07,2.26,2.39,61.42999999999999,0,0,0,0,0,0,5,0,23,0
567,568,1.48,1.89,2.07,2.26,2.38,93.01,0,0,0,0,0,11,9,0,18,8
568,569,1.48,1.89,2.07,2.26,2.6,99.55,0,0,0,0,0,0,0,9,22,12
569,570,1.48,1.89,2.07,2.26,2.6,0.0,0,0,0,0,0,0,0,0,0,0
570,571,1.5,1.89,2.01,2.26,2.64,156.72,0,0,0,0,0,0,5,47,0,20
571,572,1.5,1.89,2.01,2.26,2.5,22.5,0,0,0,0,0,0,0,0,0,9
572,573,1.14,1.89,2.01,2.26,2.53,10.12,1,0,0,0,0,0,0,0,0,4
573,574,1.14,1.89,2.01,2.26,2.53,135.27,1,0,0,0,0,0,38,0,18,9
574,575,1.14,1.89,2.01,2.24,2.73,139.41,1,0,0,0,0,19,0,45,0,10
575,576,1.14,1.89,2.01,2.24,2.73,134.71000000000004,1,0,0,0,0,61,4,0,5,17
576,577,1.3,1.89,2.01,2.24,2.73,114.80000000000001,0,0,0,0,0,0,0,0,22,24
577,578,1.3,1.89,2.01,2.24,2.73,77.94,0,0,0,0,0,6,0,0,24,6
578,579,1.22,1.89,2.01,2.14,2.73,87.02999999999999,0,1,0,0,0,0,0,27,0,12
579,580,1.39,1.57,2.01,2.24,2.73,100.2,0,1,0,0,0,0,29,0,11,11
580,581,1.34,1.57,2.01,2.24,2.73,181.74999999999997,0,1,0,0,0,0,46,8,21,17
581,582,1.34,1.57,2.01,2.24,2.72,232.69,0,1,0,0,0,19,11,4,12,57
582,583,1.34,1.57,2.01,2.24,2.72,34.54,0,1,0,0,0,0,22,0,0,0
583,584,1.5,1.57,2.01,2.24,2.73,197.12999999999997,1,0,0,1,0,3,42,25,0,28
584,585,1.5,1.57,2.01,2.24,2.55,134.67000000000002,0,0,0,1,0,0,23,0,44,0
585,586,1.5,1.57,2.06,2.24,2.55,116.33999999999999,0,0,0,0,0,17,22,10,0,14
586,587,1.26,1.89,2.06,2.19,2.4,62.39999999999999,1,0,0,0,0,0,0,0,0,26
587,588,1.26,1.89,2.06,2.19,2.4,212.59,1,0,0,1,0,25,21,5,50,9
588,589,1.26,1.89,2.06,2.19,2.4,86.5,0,0,0,1,0,27,0,8,0,15
589,590,1.26,1.89,2.06,2.19,2.49,129.48,1,0,0,1,0,25,22,21,6,0
590,591,1.42,1.89,2.06,2.19,2.49,46.86,1,0,0,0,0,33,0,0,0,0
591,592,1.42,1.89,2.06,2.19,2.39,40.63,1,0,0,0,0,0,0,0,0,17
592,593,1.42,1.85,2.06,2.19,2.58,202.64,0,1,0,0,0,0,10,0,24,51
593,594,1.51,1.83,2.06,2.24,2.39,63.15000000000001,0,1,0,0,0,0,11,0,0,18
594,595,1.35,1.83,2.06,2.24,2.59,149.52999999999997,1,1,0,0,0,14,22,0,23,15
595,596,1.35,1.83,2.06,2.24,2.59,114.83000000000003,1,1,0,0,0,55,0,11,8,0
596,597,1.35,1.83,2.06,2.24,2.39,133.19,1,1,0,0,0,4,14,0,4,39
597,598,1.5,1.83,2.06,2.24,2.59,0.0,0,0,0,0,0,0,0,0,0,0
598,599,1.39,1.83,2.06,2.24,2.77,87.86000000000003,0,0,0,0,0,0,0,5,0,28
599,600,1.39,1.83,2.06,2.24,2.77,80.32,0,0,0,0,0,32,0,0,16,0
600,601,1.33,1.81,2.06,2.24,2.77,44.32,0,0,0,0,0,0,0,0,0,16
601,602,1.33,1.81,2.06,2.24,2.77,128.46000000000004,0,0,0,0,0,0,22,4,26,8
602,603,1.33,1.81,2.06,2.24,2.79,140.42,0,0,0,0,0,0,56,0,0,14
603,604,1.41,1.81,2.06,2.24,2.79,83.31,0,0,0,0,0,0,0,0,21,13
604,605,1.41,1.83,2.06,2.24,2.79,53.010000000000005,0,0,0,0,0,0,0,0,0,19
605,606,1.41,1.87,2.06,2.24,2.77,90.78,0,0,0,0,0,19,12,0,0,15
606,607,1.41,1.87,2.06,2.24,2.8,91.11999999999999,0,0,0,0,0,16,16,0,6,9
607,608,1.32,1.89,2.06,2.24,2.72,111.11999999999999,1,0,0,0,0,10,0,0,0,36
608,609,1.26,1.89,2.06,2.24,2.72,134.16000000000003,0,0,0,0,0,27,6,0,36,3
609,610,1.26,1.89,2.11,2.24,2.73,127.25999999999998,1,0,0,0,0,49,0,0,0,24
610,611,1.32,1.89,2.06,2.24,2.75,77.82,1,0,0,0,0,23,0,0,4,14
611,612,1.32,1.89,2.06,2.24,2.75,166.3,0,1,0,0,0,0,18,39,6,14
612,613,1.42,1.89,2.06,2.24,2.75,15.12,0,1,0,0,0,0,8,0,0,0
613,614,1.42,1.89,2.06,2.24,2.73,59.63,0,1,0,0,0,17,0,0,0,13
614,615,1.48,1.57,2.06,2.24,2.79,239.48999999999998,0,1,0,0,0,6,57,36,0,24
615,616,1.48,1.57,2.06,2.24,2.79,55.79999999999999,0,1,0,0,0,15,0,0,15,0
616,617,1.48,1.57,2.06,2.24,2.79,160.44999999999996,0,1,0,0,0,0,63,0,20,6
617,618,1.48,1.57,2.06,2.24,2.79,186.64000000000001,0,1,0,0,0,4,35,6,17,27
618,619,1.48,1.57,2.06,2.24,2.79,73.07,0,0,0,0,0,0,11,0,0,20
619,620,1.48,1.57,2.06,2.24,2.79,146.02999999999997,0,0,0,0,0,7,11,0,13,32
620,621,1.48,1.57,2.06,2.24,2.79,108.49,0,0,0,0,0,0,19,4,14,14
621,622,1.48,1.57,2.06,2.24,2.79,151.38999999999996,0,0,0,0,0,6,25,4,20,18
622,623,1.48,1.57,2.06,2.24,2.79,94.17,0,0,0,0,0,8,28,1,5,9
623,624,1.48,1.57,2.06,2.24,2.79,109.27999999999999,0,0,0,0,0,16,14,7,12,8
624,625,1.48,1.57,2.06,2.24,2.79,99.14,0,0,0,0,0,0,29,10,11,3
625,626,1.48,1.57,2.06,2.24,2.79,246.16000000000003,0,0,1,0,0,19,53,19,34,7
626,627,1.41,1.89,2.06,2.24,2.79,60.57,1,0,1,0,0,0,4,0,0,19
627,628,1.25,1.89,2.06,2.24,2.79,193.44,1,0,1,0,0,29,22,0,13,31
628,629,1.25,1.89,2.11,2.24,2.79,28.490000000000002,1,0,1,0,0,0,0,0,4,7
629,630,1.25,1.89,2.11,2.24,2.79,60.370000000000005,1,0,0,0,0,25,0,0,13,0
630,631,1.41,1.89,2.11,2.24,2.79,115.61000000000001,0,1,0,0,0,0,0,0,13,31
631,632,1.41,1.89,2.11,2.24,2.79,43.49999999999999,0,1,0,0,0,11,3,0,0,8
632,633,1.41,1.89,2.11,2.24,2.79,140.57999999999998,1,1,1,0,0,0,41,18,0,9
633,634,1.31,1.56,2.0,2.24,2.79,150.18000000000004,0,1,1,0,0,0,14,0,0,46
634,635,1.31,1.56,2.0,2.24,2.79,223.04000000000002,1,1,1,0,0,0,90,0,7,24
635,636,1.31,1.56,2.0,2.24,2.79,196.44000000000003,1,1,1,0,0,49,51,11,0,11
636,637,1.31,1.56,2.0,2.24,2.79,161.56000000000006,1,1,1,0,0,13,55,14,5,7
637,638,1.47,1.56,2.0,2.24,2.79,56.39999999999999,1,0,0,0,0,0,29,0,0,4
638,639,1.48,1.56,2.0,2.24,2.79,73.44,1,0,0,0,0,0,17,0,6,12
639,640,1.48,1.56,2.0,2.24,2.79,92.48000000000002,0,0,0,0,0,0,22,0,16,8
640,641,1.5,1.85,2.06,2.24,2.79,202.05999999999997,1,1,0,0,0,5,39,0,26,23
641,642,1.5,1.85,2.06,2.24,2.79,80.85000000000001,1,0,0,0,0,14,0,0,18,7
642,643,1.5,1.85,2.06,2.24,2.79,32.45,1,1,0,0,0,0,10,0,0,5
643,644,1.5,1.85,2.06,2.24,2.79,24.72,1,0,0,0,0,0,0,12,0,0
644,645,1.5,1.85,2.06,2.24,2.79,86.49,0,0,0,0,0,0,0,0,0,31
645,646,1.5,1.85,2.06,2.24,2.79,85.38,0,0,0,0,0,0,9,0,12,15
646,647,1.5,1.85,2.06,2.24,2.79,160.68,0,0,0,0,0,17,22,3,17,18
647,648,1.5,1.85,2.06,2.24,2.79,86.69,0,0,0,0,0,0,21,1,3,14
648,649,1.5,1.85,2.06,2.24,2.79,104.65,0,0,0,0,0,4,9,4,13,16
649,650,1.5,1.85,2.06,2.24,2.79,105.23999999999998,0,0,0,0,0,4,12,13,5,14
650,651,1.5,1.85,2.06,2.24,2.79,127.41000000000001,0,0,0,0,0,13,0,0,27,17
651,652,1.5,1.85,2.06,2.24,2.79,106.02000000000001,1,0,0,0,0,0,0,0,0,38
652,653,1.26,1.88,2.06,2.24,2.79,120.82,1,1,0,0,0,4,36,0,14,6
653,654,1.26,1.88,2.06,2.24,2.79,219.82000000000002,1,1,0,0,0,0,56,16,14,18
654,655,1.26,1.88,2.06,2.24,2.79,132.48,1,0,0,0,0,10,40,0,5,12
655,656,1.26,1.88,2.06,2.24,2.78,98.36000000000001,1,1,0,0,0,20,27,0,10,0
656,657,1.26,1.88,2.06,2.24,2.79,107.41,0,0,0,0,0,13,41,0,0,5
657,658,1.26,1.88,2.06,2.24,2.79,193.09000000000003,0,0,0,0,0,24,24,26,0,23
658,659,1.26,1.88,2.06,2.24,2.74,108.54000000000002,0,0,0,0,0,23,19,0,0,16
659,660,1.37,1.86,2.06,2.24,2.79,194.51,1,1,0,0,0,0,10,20,29,25
660,661,1.37,1.83,2.06,2.24,2.79,103.92,1,1,0,0,0,10,11,11,0,17
661,662,1.37,1.8,2.06,2.24,2.79,63.32000000000001,1,1,0,0,0,0,19,0,13,0
662,663,1.37,1.8,2.06,2.24,2.76,100.48000000000002,1,1,0,0,0,0,11,0,20,13
663,664,1.37,1.8,2.06,2.24,2.76,57.959999999999994,0,0,0,0,0,0,0,0,0,21
664,665,1.37,1.8,2.06,2.24,2.76,93.65999999999998,0,0,0,0,0,18,0,0,0,25
665,666,1.37,1.83,2.06,2.24,2.76,92.92000000000002,0,0,0,0,0,0,8,0,14,17
666,667,1.41,1.86,2.06,2.24,2.76,135.51999999999998,0,0,0,0,0,0,14,0,23,21
667,668,1.41,1.86,2.06,2.24,2.76,110.39,0,0,0,0,0,11,0,10,27,5
668,669,1.42,1.86,2.06,2.24,2.76,67.3,0,0,0,0,0,22,9,0,0,7
669,670,1.42,1.86,2.06,2.24,2.72,79.32000000000001,0,0,0,0,0,25,3,0,11,5
670,671,1.42,1.86,2.06,2.24,2.72,76.98,0,0,0,0,0,29,6,0,11,0
671,672,1.42,1.86,2.06,2.24,2.76,85.12,0,0,0,0,0,0,0,0,38,0
672,673,1.42,1.86,2.06,2.24,2.76,69.64,0,1,0,0,0,0,0,0,20,9
673,674,1.42,1.85,2.06,2.24,2.77,159.03,0,1,0,0,0,0,65,0,0,14
674,675,1.42,1.85,2.06,2.24,2.77,157.56,0,1,0,0,0,3,21,3,10,31
675,676,1.42,1.85,2.06,2.24,2.77,129.92000000000002,0,1,0,0,0,0,16,0,25,16
676,677,1.42,1.85,2.06,2.24,2.77,86.38999999999999,0,1,0,0,0,0,15,1,3,18
677,678,1.42,1.85,2.06,2.24,2.77,70.82000000000001,0,1,0,0,0,0,9,0,18,5
678,679,1.42,1.85,2.06,2.24,2.77,79.11999999999999,0,1,0,0,0,6,6,10,5,10
679,680,1.42,1.85,2.06,2.24,2.77,115.48,0,1,0,0,0,0,29,0,14,11
680,681,1.42,1.85,2.06,2.24,2.77,99.62,1,1,0,0,0,0,21,0,16,9
681,682,1.34,1.85,2.06,2.24,2.77,294.48,1,1,0,0,0,14,50,30,27,22
682,683,1.42,1.85,2.06,2.24,2.77,37.46,0,0,0,0,0,0,8,11,0,0
683,684,1.42,1.85,2.06,2.24,2.77,100.76000000000002,0,0,0,0,0,0,35,0,0,13
684,685,1.42,1.87,2.06,2.24,2.77,83.33,0,0,0,0,0,0,25,7,0,8
685,686,1.5,1.87,2.06,2.24,2.78,146.37000000000003,0,0,0,0,0,0,21,10,20,15
686,687,1.5,1.87,2.06,2.24,2.78,158.31000000000003,0,0,0,0,0,9,17,20,6,21
687,688,1.5,1.87,2.06,2.24,2.78,141.77,0,0,0,0,0,0,23,25,0,17
688,689,1.5,1.87,2.06,2.24,2.78,32.5,0,0,0,0,0,0,4,0,0,9
689,690,1.5,1.87,2.06,2.24,2.78,77.46000000000001,0,1,0,0,0,0,0,0,11,19
690,691,1.42,1.87,2.06,2.24,2.78,52.980000000000004,0,1,0,0,0,13,14,0,0,3
691,692,1.42,1.87,2.06,2.24,2.78,143.28,0,1,0,0,0,13,26,10,0,20
692,693,1.42,1.51,2.02,2.24,2.77,90.22,0,1,0,0,0,0,34,6,7,4
693,694,1.42,1.51,2.02,2.24,2.77,109.58000000000003,0,1,0,0,0,0,23,11,0,19
694,695,1.42,1.51,1.97,2.24,2.78,141.19,0,1,1,0,0,0,47,30,0,4
695,696,1.42,1.51,1.97,2.24,2.78,118.85000000000001,0,1,0,0,0,6,37,14,12,0
696,697,1.42,1.51,1.97,2.24,2.78,216.53000000000003,0,0,0,0,0,0,43,0,23,36
697,698,1.42,1.51,1.97,2.24,2.77,78.58,0,0,0,0,0,8,17,0,0,15
698,699,1.42,1.51,1.97,2.24,2.77,87.92000000000002,0,0,1,0,0,13,46,0,0,0
699,700,1.42,1.85,1.99,2.24,2.76,95.14000000000001,0,0,1,0,0,0,26,0,21,0
700,701,1.42,1.85,1.99,2.24,2.76,155.0,0,0,1,0,0,12,47,11,13,0
701,702,1.41,1.85,2.0,2.24,2.79,206.48000000000008,0,0,1,0,0,20,48,28,0,12
702,703,1.41,1.85,2.01,2.24,2.79,152.81999999999996,0,0,1,0,0,7,39,11,18,3
703,704,1.41,1.85,2.01,2.24,2.79,247.13999999999993,0,0,0,0,0,0,18,12,0,68
704,705,1.49,1.87,1.99,2.24,2.79,70.63000000000001,0,0,0,0,0,3,13,0,0,15
705,706,1.5,1.87,2.04,2.24,2.79,29.92,0,0,0,0,0,0,16,0,0,0
706,707,1.51,1.84,2.06,2.24,2.8,75.12000000000002,0,0,0,0,0,0,18,0,0,15
707,708,1.37,1.84,2.06,2.24,2.8,73.80999999999997,0,0,0,0,0,5,9,0,0,18
708,709,1.36,1.84,2.09,2.24,2.8,153.12000000000003,0,0,0,0,0,91,5,0,9,0
709,710,1.36,1.84,2.09,2.24,2.77,100.18999999999998,0,0,0,0,0,50,5,11,0,0
710,711,1.51,1.84,2.09,2.24,2.77,13.440000000000001,0,0,0,0,0,0,0,0,6,0
711,712,1.5,1.84,2.13,2.24,2.8,7.5,0,0,0,0,0,5,0,0,0,0
712,713,1.51,1.84,2.06,2.24,2.8,73.85000000000001,0,0,0,0,0,7,21,0,11,0
713,714,1.5,1.8,2.09,2.24,2.79,50.669999999999995,0,0,0,0,0,0,8,0,0,13
714,715,1.5,1.8,2.09,2.24,2.79,93.75000000000001,0,0,0,0,0,0,0,9,21,10
715,716,1.5,1.8,2.09,2.24,2.79,97.92,0,0,0,0,0,0,6,0,9,24
716,717,1.5,1.8,2.14,2.24,2.75,24.75,0,0,0,0,0,0,0,0,0,9
717,718,1.5,1.8,2.14,2.24,2.75,140.88,0,0,0,0,0,0,0,17,0,38
718,719,1.5,1.8,2.14,2.24,2.79,11.969999999999999,0,0,0,0,0,0,2,0,0,3
719,720,1.5,1.8,2.14,2.24,2.79,1.8,0,0,0,0,0,0,1,0,0,0
720,721,1.51,1.82,2.09,2.24,2.8,174.6699999999999,0,0,0,0,0,11,73,0,0,9
721,722,1.51,1.82,2.09,2.24,2.8,167.58000000000004,0,0,0,0,0,0,69,0,15,3
722,723,1.51,1.82,2.09,2.24,2.8,104.22999999999999,0,0,0,0,0,0,27,21,0,4
723,724,1.51,1.82,2.09,2.24,2.8,69.71999999999998,0,0,0,0,0,0,22,0,2,9
724,725,1.51,1.82,2.09,2.24,2.8,113.6,0,0,0,0,0,6,23,4,13,9
725,726,1.51,1.82,2.09,2.24,2.8,70.73,0,0,0,0,0,3,23,2,4,4
726,727,1.5,1.82,2.09,2.24,2.8,199.90999999999994,0,0,0,0,0,0,68,15,20,0
727,728,1.5,1.82,2.09,2.24,2.8,0.0,0,0,0,0,0,0,0,0,0,0
728,729,1.5,1.82,2.09,2.24,2.8,0.0,0,0,0,0,0,0,0,0,0,0
729,730,1.5,1.82,2.09,2.24,2.8,0.0,0,0,0,0,0,0,0,0,0,0
